TITLE;;YEAR_FOR_ANALYSIS;TONAL_CERTAINTY_PIECE;MEAN_TONAL_CERTAINTY_MEASURES;PITCH_CLASS_ENTROPY_PIECE;MEAN_PITCH_CLASS_ENTROPY_MEASURES;MAX_MELODIC_INTERVAL_ENTROPY_OF_ALL_TRACKS;MAX_MEAN_MELODIC_INTERVAL_ENTROPY_MEASURES;MAX_IOI_ENTROPY_OF_ALL_TRACKS;MAX_MEAN_IOI_ENTROPY_MEASURES;LENGTH
003-ALKAN - Chemin De Fer.mid;ALKAN;1844;1.1014737811032649;0.939677392254491;3.3693149716666304;2.957492731201035;3.980711206784846;1.402844324247061;1.7539979240301244;0.6148358422437091;279.70411500001717
004-ALKAN - Festin Daesope.mid;ALKAN;1857;1.2802188927065754;0.9523614961707326;3.3856327904057784;3.2824069201302253;3.762623235442817;3.403845883691125;1.6949057142013884;1.6309468305956256;534.6634902083518
013-ALKAN - Saltarelo.mid;ALKAN;1844;1.2374157758659876;1.0464234289004755;3.250519052938263;3.0334521016974616;4.204905608052427;2.9295707834906803;1.8205159976914431;1.0591832157714698;259.55300000000557
018-BEETHOVEN, Ludwig von - Ich denke dein-02.mid;BEETHOVEN;1803;1.4698305047778693;1.2977722564615326;3.1602984541612877;3.0726582902111383;3.788247996731305;3.2121833308495784;2.9310807806083825;2.014418706197785;359.8756887229146
019-BEETHOVEN, Ludwig von - Piano Sonata No-01.mid;BEETHOVEN;1795;1.365045636483781;1.1204274130634704;3.316928463595208;3.1220205008168764;3.777885292304538;2.6680307087150172;2.763647619527948;1.8896178315758456;861.4085098270903
020-BEETHOVEN, Ludwig von - Piano Sonata No-02.mid;BEETHOVEN;1795;1.083440877230053;0.9099968663961628;3.3977053678531446;3.1596109572452846;3.7917203658030276;3.478674312732536;2.800637525786717;1.9180185311264542;1243.825268522872
021-BEETHOVEN, Ludwig von - Piano Sonata No-03.mid;BEETHOVEN;1795;1.1632514356286796;1.2520404636344025;3.3518152952393203;3.189977314729124;4.12456356798109;3.5583439513734696;2.6272808041706597;2.3718212768084714;1489.6854849041417
022-BEETHOVEN, Ludwig von - Piano Sonata No-04.mid;BEETHOVEN;1797;1.3408253008513595;1.125532124681348;3.3590794768121235;3.1741384681306926;3.9028445173568675;3.2297657410385807;3.0228665499049248;1.5966452661855366;1281.9930234687436
023-BEETHOVEN, Ludwig von - Piano Sonata No-05.mid;BEETHOVEN;1797;0.8636377011187483;1.254351499140629;3.287721392619068;3.023720385171817;3.934668782101448;3.481306130124506;3.3466476129738942;1.459535025362802;1047.2306194333862
024-BEETHOVEN, Ludwig von - Piano Sonata No-06.mid;BEETHOVEN;1798;0.8079381599546793;1.1944185675456793;3.3862930157063174;3.1370717217521764;3.8580161801464916;3.393466933730521;2.8609642426800446;1.6818080508402133;549.7257200062838
025-BEETHOVEN, Ludwig von - Piano Sonata No-07.mid;BEETHOVEN;1798;1.1244888941802076;1.1236471890630195;3.4019587700029517;3.256308685361864;4.088892934323018;0.7605274945111388;2.9430058686685783;0.6305260445800592;1364.7798564228883
026-BEETHOVEN, Ludwig von - Piano Sonata No-09.mid;BEETHOVEN;1798;1.139952528237985;0.9549700393306557;3.3046069544032797;3.1112704957200665;3.903536448277986;2.476712889951134;3.0555285586297356;1.974603544575401;651.317633562508
027-BEETHOVEN, Ludwig von - Piano Sonata No-10.mid;BEETHOVEN;1799;1.0171462382093024;1.1881100311740453;3.2813863773598313;3.0949033278609495;3.783662122683217;3.1297773452651514;2.8976544440332903;1.8261504982078716;811.9501511041917
028-BEETHOVEN, Ludwig von - Piano Sonata No-11.mid;BEETHOVEN;1800;1.3238831445003296;1.138084059058881;3.3191678817269032;3.1580625139199645;3.7815897161790004;3.069156766732771;2.555755464779885;1.668071851551516;1230.8680697770776
029-BEETHOVEN, Ludwig von - Piano Sonata No-12.mid;BEETHOVEN;1801;1.2685792905156954;1.3068028088522516;3.2716596868682357;3.0813531826645333;3.948113583731319;3.582133739783148;2.8030733971967794;1.6611800910239924;1011.3325850833455
030-BEETHOVEN, Ludwig von - Piano Sonata No-13.mid;BEETHOVEN;1801;1.3138650741777789;1.0991878244296425;3.2904746513457868;3.1448275488866635;3.7666588628486366;3.260384143919456;2.0623303690573778;1.482478122875567;799.1436170125093
031-BEETHOVEN, Ludwig von - Piano Sonata No-14.mid;BEETHOVEN;1802;0.9942586279641535;1.09855237023623;3.229654670739314;3.1638452582506527;4.057808956842946;3.238606756235819;2.501250193628485;1.7262688671055466;778.7966737250052
032-BEETHOVEN, Ludwig von - Piano Sonata No-15.mid;BEETHOVEN;1801;1.3490781094741942;0.9301280732936664;3.2398389879343514;2.8767527021303625;3.9876875947163244;3.0509304323011204;3.0537515828479562;1.5344809622482156;1301.4449346145739
033-BEETHOVEN, Ludwig von - Piano Sonata No-17.mid;BEETHOVEN;1802;1.2871695140888522;1.0613903012463066;3.389409853965777;3.207497060084019;4.158928890641204;3.363426483425876;2.9956600928866184;2.2394931626548136;1072.3866010978832
034-BEETHOVEN, Ludwig von - Piano Sonata No-18.mid;BEETHOVEN;1802;0.8816450526909773;0.8790172172699224;3.335155885243785;3.1142512808310694;4.047277958353796;3.175656867898832;2.793861617018668;1.8829488236721699;908.4180970708475
035-BEETHOVEN, Ludwig von - Piano Sonata No-19.mid;BEETHOVEN;1797;1.1735628490638876;1.1776999199591305;3.2454132784836855;3.0897387552847793;3.5991456486463536;3.383365903745652;2.6502020174227368;1.601494527449601;455.9238263854239
036-BEETHOVEN, Ludwig von - Piano Sonata No-20.mid;BEETHOVEN;1796;1.4906921206992982;1.246510553944372;3.0081888057154162;2.9243997408302524;3.396419305179877;2.9185390371242876;2.91997969692859;1.6998623733405132;429.5269867708303
037-BEETHOVEN, Ludwig von - Piano Sonata No-21.mid;BEETHOVEN;1804;1.5116833628421045;1.1411825348057645;3.3632204159098467;3.262442662461143;4.085260518374142;1.718542562676623;2.701875971981602;1.3399076879426084;1312.9066206167001
038-BEETHOVEN, Ludwig von - Piano Sonata No-22.mid;BEETHOVEN;1804;1.3205036841693771;1.0778060613018954;3.3821468554811047;3.165723572312325;4.31330919214668;3.2435671399338504;2.2802154346050876;1.5356430093774547;493.54909009377167
039-BEETHOVEN, Ludwig von - Piano Sonata No-23.mid;BEETHOVEN;1804;1.0206803714797341;0.9698613768119873;3.314796327553599;3.186103675386025;4.145867965070252;3.376931038932767;2.985754571401189;1.9880282618381657;1543.4725506980399
040-BEETHOVEN, Ludwig von - Piano Sonata No-24.mid;BEETHOVEN;1809;1.0837962668614392;0.9406853766505013;3.2764693221030736;3.103001272816589;3.893125057650045;0.0;2.7595224994756857;0.18365916681089792;436.3484939958273
041-BEETHOVEN, Ludwig von - Piano Sonata No-25.mid;BEETHOVEN;1809;1.2713069306878346;1.0943115009671258;3.3343819222218314;3.0587487704093603;3.82043346149869;2.613016540566782;2.2724499682094113;1.429433216604055;415.7083220000004
042-BEETHOVEN, Ludwig von - Piano Sonata No-27.mid;BEETHOVEN;1814;0.9081948668096644;1.180412818339535;3.370741771232701;3.2028297110243162;3.8139328377814854;2.896976025997116;2.34296417588597;1.859356595095464;716.4220245729202
043-BEETHOVEN, Ludwig von - Piano Sonata No-32.mid;BEETHOVEN;1822;1.5115912748987999;1.131538246828822;3.398017435668428;3.2751513511957215;4.141192642217703;3.052579895365587;3.282511204639725;1.7431503427250818;1257.5628673812687
055-BEETHOVEN, Ludwig von - Sonata No-29 No-01 (Hammerklavier).mid;BEETHOVEN;1818;1.0026818600442153;1.1877304533352204;3.429515407906201;3.1710824660681585;4.074918638908474;3.632571045295294;1.5676872342056711;1.2996124887072371;663.240727687493
056-BEETHOVEN, Ludwig von - Sonata No-29 No-02 (Hammerklavier).mid;BEETHOVEN;1818;0.706732230336991;1.0616066910251447;3.2835491350071058;3.049577376007446;4.0476034980482325;3.283459598844123;2.671095550820628;1.7483453759556502;150.94311554166677
057-BEETHOVEN, Ludwig von - Sonata No-29 No-03 (Hammerklavier).mid;BEETHOVEN;1818;1.1578534658716286;1.2491578193294068;3.4113512222836806;3.261145955152111;4.009949452049712;3.172959996445634;2.5618903090186476;1.4279437093505025;1008.5598598333198
058-BEETHOVEN, Ludwig von - Sonata No-29 No-04 (Hammerklavier).mid;BEETHOVEN;1818;1.155783846292312;0.9082302406360132;3.5441764017394464;3.335298752395382;3.5447829351299784;3.2766149969787515;2.50237114208463;2.448601104906794;690.8399640416897
068-BRAHMS, Johannes - HAYDN - Variations (4 tracks GM file).mid;BRAHMS;1873;1.0101744337191858;0.953597141186721;3.2086261620648955;2.9745410682960447;4.065065857952785;3.384636458353375;2.6119162427412395;1.7805551550982894;941.5204164248407
071-BRAHMS, Johannes - Piano Sonata No-01.mid;BRAHMS;1853;1.1996675668476473;1.195778320002758;3.4568350759845354;3.4030269399064808;3.828258114169772;3.476231425663643;3.05820057147771;2.218463582294764;1340.0657199479278
072-BRAHMS, Johannes - Piano Sonata No-02.mid;BRAHMS;1852;1.1594170554439935;0.9341804604833039;3.5206358893584575;3.32696284496775;4.118565243362811;3.4683343331055685;3.6738056898323097;2.1122618725868714;1250.4422727999925
073-BRAHMS, Johannes - Piano Sonata No-03.mid;BRAHMS;1853;0.8964457553858485;0.9352413357307753;3.4492409298422104;3.323867037972084;4.000841700616746;3.4242005678389975;3.1833558309739747;2.8389307054106516;1815.4685558083722
074-BRAHMS, Johannes - Piano Variations Op-9.mid;BRAHMS;1854;1.0913583127845174;1.0534728191780773;3.400062401001973;3.2045361300122166;4.199647464488965;3.3916640761594654;3.4184251147930627;2.343290838470841;840.2304018458632
076-BRAHMS, Johannes - Scherzo Op.4.mid;BRAHMS;1851;1.4882189589588923;0.9299552793703202;3.370915326411737;3.0977660702353496;4.013201723183541;3.477189825427592;2.7683442629910373;1.7774633733842842;753.3575118749765
078-BRAHMS, Johannes - Waltz 01.mid;BRAHMS;1865;1.2481535093442795;1.1473326545636082;3.072896234653194;3.05303359992328;3.771820842035873;3.2715983798534243;1.2554837180967087;0.0;54.42432829166675
079-BRAHMS, Johannes - Waltz 02.mid;BRAHMS;1865;1.2810228497538643;1.246544239812764;2.915565948971536;2.8197333455747575;3.5355395849307087;3.058061368596471;1.694813792846759;0.9977601089695262;69.99992999999978
080-BRAHMS, Johannes - Waltz 03.mid;BRAHMS;1865;1.0987540100932112;0.9767658055899038;2.8121258649052354;2.7937523260754054;3.7960765402551813;3.075921103717449;0.9134566793249181;0.5910285785539962;38.36166666666673
081-BRAHMS, Johannes - Waltz 04.mid;BRAHMS;1865;1.1179768415208167;0.9847666513866138;3.2878109964527495;3.2373980735318484;4.13033051111344;2.869234065398343;1.341168785472918;0.0;89.17295069999994
082-BRAHMS, Johannes - Waltz 05.mid;BRAHMS;1865;1.3317646706877155;1.0913766690713704;2.928460754086572;2.8888971562399837;3.9445738248854574;3.3046646107943403;0.9776793058867446;0.5045160978719478;63.809460000000165
083-BRAHMS, Johannes - Waltz 06.mid;BRAHMS;1865;0.8661133870890747;1.0266234764045377;3.1771609193765755;3.086270631699884;3.829471386848141;2.3668051948985096;0.5442768458037672;0.31348264414668714;68.23326509999991
084-BRAHMS, Johannes - Waltz 07.mid;BRAHMS;1865;0.9372429286977885;1.017617027514321;3.230011638985448;3.160985448258254;3.065373199878922;1.9040340729839196;1.598571161358222;0.04869808337337877;94.54535999999983
085-BRAHMS, Johannes - Waltz 08.mid;BRAHMS;1865;1.2673485112543692;1.2392500450760104;3.0962568080702373;2.936557160936572;3.3257383914750456;1.0;1.6774980225535174;1.3380581469594097;72.42000000000006
086-BRAHMS, Johannes - Waltz 09.mid;BRAHMS;1865;0.8329286217884023;1.024189063209458;3.251888036964421;3.179329744855783;4.027991781344567;1.1258145836939113;0.9875257101057102;0.9831901851170823;55.34600799999999
087-BRAHMS, Johannes - Waltz 10.mid;BRAHMS;1865;1.3798049364397318;1.2363548096937276;3.1408713631928564;3.0174685623620263;3.7487584397314544;2.8031055038420734;1.1040664427977112;0.07304712506006815;33.21509635000006
088-BRAHMS, Johannes - Waltz 11.mid;BRAHMS;1865;0.8745729644209026;1.1027758394394147;3.2346215750748075;3.012001929446922;3.5336112271450593;1.8590492594018941;1.787548901113094;0.0;100.33206749999992
089-BRAHMS, Johannes - Waltz 12.mid;BRAHMS;1865;0.9716960180027833;0.9371343490237808;3.190295058069735;3.016663960009059;3.873321580372597;2.420684721699252;1.6640797096271758;1.1142971265156905;78.00000000000014
090-BRAHMS, Johannes - Waltz 13.mid;BRAHMS;1865;1.1251450286262643;0.9467426720541865;3.1956523985942598;3.0468942642153314;3.3714390657297972;2.7331340021231663;2.300937449042112;1.2993427087833984;41.19226650000004
091-BRAHMS, Johannes - Waltz 14.mid;BRAHMS;1865;1.0942050092526807;1.1122208600910046;3.3821651508627233;3.298864254588885;3.2816123859592716;2.992895335110969;1.8238219701134308;0.11198358670262243;72.18561124999869
092-BRAHMS, Johannes - Waltz 15.mid;BRAHMS;1865;1.2704676130816202;1.2464920127861943;2.696558645301441;2.6242811353527875;3.437237003375923;2.8277297828972348;2.0302839533668497;0.0;62.41462012499993
093-BRAHMS, Johannes - Waltz 16.mid;BRAHMS;1865;1.1377717186091494;1.1008112611699046;2.898069101915425;2.8608033469411396;3.5789514768844297;3.1805362544907636;1.3250112108241772;1.266550215849091;44.522682750000094
155-CHOPIN, Frederick Francois - Mazurka Op-67 No-01.mid;CHOPIN;1848;1.0345902471995476;1.2753115782146094;3.0750963491979686;2.939705707012589;3.4610126943986024;2.4706691667217444;2.340081905633376;0.925074338256935;67.29540549999999
156-CHOPIN, Frederick Francois - Mazurka Op-67 No-02.mid;CHOPIN;1848;1.0925214246866148;1.089690652428831;3.1699587188552396;3.09003360143733;3.424148252547479;2.0197317758019415;2.0224671990553165;0.7452474841873404;71.74817999999995
157-CHOPIN, Frederick Francois - Mazurka Op-67 No-03.mid;CHOPIN;1848;1.3054459673329029;1.4078173738200492;3.198596239567841;3.1506562740068484;3.0674516756199495;1.382588013723306;2.3495641550934634;0.3093296000648675;71.88321954999992
158-CHOPIN, Frederick Francois - Mazurka Op-67 No-04.mid;CHOPIN;1848;0.942128137784749;1.1752869423073498;3.214746266284364;3.092621207066276;3.627119093271466;1.191676014200496;1.6222305196959754;0.8335176563387368;151.04840166666733
159-CHOPIN, Frederick Francois - Nocturne No-01.mid;CHOPIN;1831;0.8891166257125812;1.0812502450395558;3.2797002234746118;3.174435350893204;3.6666766245034563;3.3251883821825876;2.762910268370891;0.1358392789969389;347.80797862499946
160-CHOPIN, Frederick Francois - Nocturne No-02.mid;CHOPIN;1831;1.1621911078164548;1.078213818762557;3.2108529528757837;3.173813097985751;3.453979840632293;3.0841530745088512;2.625955572101966;0.6509564061938358;243.29824327083338
161-CHOPIN, Frederick Francois - Nocturne No-03.mid;CHOPIN;1831;1.0318460134233776;0.9834807259007068;3.4411852786500754;3.330689276676804;4.233265705496866;3.6817029878597807;2.721269757222286;0.2700039696400742;395.6496582500033
162-CHOPIN, Frederick Francois - Nocturne No-04.mid;CHOPIN;1833;0.7228398127750167;0.8755148116374711;3.40427506445188;3.2449367677726775;3.825079102912435;3.4730435232395167;1.9485751956123516;1.2648866185662424;249.14160035416666
163-CHOPIN, Frederick Francois - Nocturne No-05.mid;CHOPIN;1833;1.2723431849437277;0.9791744022704829;3.3061582836384074;3.2347924321023642;4.218040339174007;3.816445191324956;2.2325717131662324;1.691864305437131;221.92998666666654
164-CHOPIN, Frederick Francois - Nocturne No-06.mid;CHOPIN;1833;0.9526099227568343;1.085230834033828;3.3444122878138702;3.0911692738852037;3.6485211746409703;2.8283613912725762;2.1112045564766495;0.9759259125472936;209.4368738750006
165-CHOPIN, Frederick Francois - Nocturne No-07.mid;CHOPIN;1836;0.7893888014337623;0.9643752253089735;3.185283340918445;2.942627377158542;4.138856411963713;3.808124785176668;2.833333559211119;0.0;311.86169720833595
166-CHOPIN, Frederick Francois - Nocturne No-08.mid;CHOPIN;1836;1.4301924739633143;0.9621370298265766;3.3068652996193015;3.227864559334006;3.8455552102861974;3.65715459850887;2.172487792340674;0.0;347.5717933333364
167-CHOPIN, Frederick Francois - Nocturne No-09.mid;CHOPIN;1837;1.1093949738867335;1.1063493997511615;3.240303880476947;3.109891375021478;4.280816434802387;4.069797466109453;2.867901602303936;0.5960246442945766;308.7970705625003
168-CHOPIN, Frederick Francois - Nocturne No-10.mid;CHOPIN;1837;1.369422102791002;1.104323264897917;3.425509639725846;3.2238233255512627;3.838739010637518;3.6748307672092015;2.2568062628853314;0.12390086850394934;347.97924312500186
169-CHOPIN, Frederick Francois - Nocturne No-11.mid;CHOPIN;1839;1.0321341108720188;1.007582789487343;3.1795859369918813;3.068976511294565;3.8296218666415656;3.5063056590349744;2.7663072454392292;0.10156918610376338;384.35477727083384
170-CHOPIN, Frederick Francois - Nocturne No-12.mid;CHOPIN;1839;0.8374762659275822;0.9069382626665649;3.5613443956938915;3.5098834823707263;4.033859890373524;3.461889512687859;1.9636646105770503;0.8776792618614718;395.2457249791677
171-CHOPIN, Frederick Francois - Nocturne No-13.mid;CHOPIN;1841;0.982930440912542;1.17143786476623;3.3145953817211242;3.2142367169765973;4.047324735165061;2.9746599134826344;2.3414434614298547;1.4345654472299318;376.5652071250008
172-CHOPIN, Frederick Francois - Nocturne No-14.mid;CHOPIN;1841;0.9895724610563407;0.976367282654096;3.3391093993505763;3.2420402866468696;4.269932719582491;3.985355772669926;2.578302389360822;1.6198447313649817;443.8199040625015
173-CHOPIN, Frederick Francois - Nocturne No-15.mid;CHOPIN;1844;1.0264081666351035;0.8916615672401892;3.305387557373464;3.129520246293743;4.061339884127483;2.3080504072892767;2.4404232991934465;0.4920202806686761;299.2010443125007
174-CHOPIN, Frederick Francois - Nocturne No-16.mid;CHOPIN;1844;1.0025378644291159;1.164582191782236;3.326910516018765;3.2807468452755253;4.133372643618549;4.021245886333175;2.8361851331526005;0.4579371608666153;322.80229904166634
175-CHOPIN, Frederick Francois - Nocturne No-17.mid;CHOPIN;1846;1.0406251371377109;1.009553040812727;3.3316073799699617;3.2095784559507403;4.178291553021167;3.7891533660911905;2.3211821081386144;1.451388897110081;427.1030515625027
176-CHOPIN, Frederick Francois - Nocturne No-18.mid;CHOPIN;1846;1.1802299872010793;1.0259960869993545;3.375675613447891;3.3135667800945168;3.9969679258044706;3.755898714034381;2.4042064729788715;0.9640259668263566;358.48200379166724
177-CHOPIN, Frederick Francois - Nocturne No-19.mid;CHOPIN;1827;0.9376160194041052;0.9335523801605616;3.2094847054727733;3.1062865737889362;3.7449631972361592;3.6144593057684284;3.0504938371147396;0.0;278.547585875
178-CHOPIN, Frederick Francois - Nocturne No-20.mid;CHOPIN;1830;1.320003458534086;0.942653535529594;3.144206770057905;3.114693713140345;4.030368834763982;3.8943378517258838;2.7227786354897385;0.6738961879389542;241.09486449999974
179-CHOPIN, Frederick Francois - Nocturne No-21.mid;CHOPIN;1837;1.0910090824727776;1.2561954368305779;3.0497718370239104;2.847020807754018;4.114564290532773;3.660897665341696;2.2683879176811206;0.0;186.36531170833348
186-CLEMENTI - Sonatina Op-36 No-01 part-A.mid;CLEMENTI;1799;1.2699365983032003;0.9460097630998144;2.82250867874593;2.734057791376934;3.930656140848493;3.811247321504321;1.847251638910411;1.8495786986673133;92.75496600000072
187-CLEMENTI - Sonatina Op-36 No-01 part-B.mid;CLEMENTI;1799;1.5383028608755316;1.4054181546855475;2.8594865256447157;2.8763058125363083;3.484381852374779;3.31105231814734;1.422342608218923;1.257066192384767;55.058796000000235
188-CLEMENTI - Sonatina Op-36 No-01 part-C.mid;CLEMENTI;1799;1.53426033350568;1.3414271672116609;2.684109606416101;2.5662838734102817;3.343478417404642;2.4521276033981287;1.2811597312136944;0.3476886913865561;68.15218299999991
189-CLEMENTI - Sonatina Op-36 No-02 part-A.mid;CLEMENTI;1799;1.3983942635525461;1.101056243400773;2.890639173089634;2.707871133566802;3.62790731181309;3.4642564175536434;1.1339291697328393;1.0504158592441428;148.7499999999998
190-CLEMENTI - Sonatina Op-36 No-02 part-B.mid;CLEMENTI;1799;1.2618708136729406;0.8977531847240966;2.906910946151181;2.9611011475623523;3.6610008823627664;3.5192274080961568;1.9249447078573527;1.750760325151911;54.374999999999986
191-CLEMENTI - Sonatina Op-36 No-02 part-C.mid;CLEMENTI;1799;1.125599273031042;1.5121683856244983;2.8731827415908633;2.7467601761797007;3.7092485912773334;3.224218929420721;1.3821937273205254;0.5074181148754897;105.9374999999998
192-CLEMENTI - Sonatina Op-36 No-03 part-A.mid;CLEMENTI;1799;1.4603089713345316;1.3303897718898718;2.970942764360048;2.8759390811674823;3.9942872165960583;3.706609783722201;1.710583278191078;0.7473642061966269;139.08647954166744
193-CLEMENTI - Sonatina Op-36 No-03 part-B.mid;CLEMENTI;1799;1.5871627215530157;1.3949080063442405;2.7333416815753777;2.714702385129942;3.9685598249541623;3.6494071805078807;2.255404334560746;0.5692906231310786;98.9999999999998
194-CLEMENTI - Sonatina Op-36 No-03 part-C.mid;CLEMENTI;1799;1.3703667532271169;1.1102021508707218;2.797805893893654;2.695605840259733;3.211095396020262;2.292520096607622;1.1300323547482432;1.0014983568890314;102.80729166666673
195-CLEMENTI - Sonatina Op-36 No-04 part-A.mid;CLEMENTI;1799;1.2768440837922332;1.0597901444423938;3.0485471254232306;2.8177956380527567;3.738617577126532;3.3932012445512623;1.5560853703669733;1.1622251537077348;267.5000000000005
196-CLEMENTI - Sonatina Op-36 No-04 part-B.mid;CLEMENTI;1799;1.5934276160660077;1.503785384307232;2.932466780826104;2.9079771170036213;3.6408348593936477;2.8637716610576973;1.9076983821467806;1.3195095896450404;70.50000000000009
197-CLEMENTI - Sonatina Op-36 No-04 part-C.mid;CLEMENTI;1799;1.3630260040646713;1.2227947378616986;2.8139399616743;2.791579315662078;3.351896883335214;3.235730629976746;1.875594854774521;1.8140746999431234;105.33338599999823
198-CLEMENTI - Sonatina Op-36 No-05 part-A.mid;CLEMENTI;1799;1.426599092273092;1.26219118200748;3.1035723488115714;2.9204934122692414;3.8590165423803193;3.3154269167151136;1.2901121411833896;0.8111603536464594;407.99999999998187
199-CLEMENTI - Sonatina Op-36 No-05 part-B.mid;CLEMENTI;1799;1.372333075228577;1.3283196747311181;2.5403834061105375;2.484430675049598;4.068066209508718;3.527956772370622;1.5312697074008037;0.8770531079598598;82.17392399999991
200-CLEMENTI - Sonatina Op-36 No-05 part-C.mid;CLEMENTI;1799;1.1141933685966987;1.261185838066455;2.9769150692144106;2.843188635995116;3.359308481778068;2.7363066381035583;2.2695896493624454;1.8797664549259938;207.59999999999894
201-CLEMENTI - Sonatina Op-36 No-06 part-A.mid;CLEMENTI;1799;1.392507940509466;1.2530167380896888;2.9002798809531183;2.8439408608957537;3.9346481063678636;3.8564680562302325;1.4334209253281636;0.6218786224048901;446.3999999999904
202-CLEMENTI - Sonatina Op-36 No-06 part-B.mid;CLEMENTI;1799;1.303896954909678;1.2860134990817504;3.0583732981590965;2.857720827513654;3.8635863645402746;2.870053244543998;1.4064771903816675;1.3374809059705848;164.394999999998
206-DVORAK - American Suite.mid;DVORAK;1895;1.4209043478672423;1.1276074451286748;3.3199251451342313;3.124437908545021;4.280521110747563;3.978662253918955;2.4861354560646074;1.8891083709765222;1025.4466918250478
211-FAURE - Dolly Suite 01-of-06.mid;FAURE;1896;1.3242837715864493;1.1923998188171219;3.1405004361491513;2.9958652600945874;4.005449376862714;2.8206223808527024;2.267521478978201;0.30584202504785424;177.27710015365025
212-FAURE - Dolly Suite 02-of-06.mid;FAURE;1896;1.1967932402128503;0.9479851844195488;3.331134414486396;3.2383043024184284;4.070302607925801;3.2982228354984464;2.3251232766611825;1.8738181357972628;129.9579632499991
213-FAURE - Dolly Suite 03-of-06.mid;FAURE;1896;0.8890199878221566;1.2481853720698377;3.2688334225903475;3.147217964291233;4.213965245835137;3.7045377017500973;2.270071786447205;1.6057700133883022;171.82716091666484
214-FAURE - Dolly Suite 04-of-06.mid;FAURE;1896;1.0825822272248855;1.0654477511136216;3.3275329689651594;3.2730283607890334;3.658359357666801;2.9644207980534674;2.2648015406377717;1.005637769451913;162.0214067499991
216-FAURE - Dolly Suite 06-of-06.mid;FAURE;1896;1.0775381723498716;1.0796761617220874;3.173628730572228;3.035262234613878;4.171892458417765;3.6743310188823264;2.0186004058870273;1.0303369929796722;135.17328789062387
222-GRIEG - Op-12 No-01 (Poetic Tone Pictures).mid;GRIEG;1867;1.3138565687402513;0.9473500392661087;3.1106097154975494;3.079354191145606;3.1629612074451816;2.8036166357315535;1.4558585238232946;0.4192299793176772;38.61200699999998
223-GRIEG - Op-12 No-02 (Poetic Tone Pictures).mid;GRIEG;1867;1.0821770421859243;0.9119440475586257;3.047211080176952;2.9110919632893753;3.402085012052676;1.8849886948739145;2.000140583691135;0.6250334140056928;104.1874940000002
224-GRIEG - Op-12 No-03 (Poetic Tone Pictures).mid;GRIEG;1867;0.9836517381304302;0.8699668440263606;3.2185702363090694;2.9997828781963873;3.5178333591903344;2.742056109066736;2.2967529409863583;1.6549118489789225;129.00636299999994
225-GRIEG - Op-12 No-04 (Poetic Tone Pictures).mid;GRIEG;1867;1.2084728463262553;1.075418035199851;2.97489845379238;2.905216972809899;3.787261583683586;1.0352938403750895;0.9347175516979499;0.3875476658424685;64.74488475000034
226-GRIEG - Op-12 No-05 (Poetic Tone Pictures).mid;GRIEG;1867;0.8789618179581967;0.8487433843589832;3.0421842092933375;3.0773181491008392;3.462695156291057;3.2452592473904365;2.5037051007367936;1.4759601017178585;68.97200399999987
227-GRIEG - Op-12 No-06 (Poetic Tone Pictures).mid;GRIEG;1867;0.7953457705320279;0.9484912807042487;2.848890904083586;2.679271331260165;3.450981060740797;0.6399688272865982;1.7921949359601053;0.745506935379497;56.428136999999936
228-GRIEG - Op-12 No-07 (Poetic Tone Pictures).mid;GRIEG;1867;1.4836632972652772;1.5025074894720531;2.9438485744371383;2.909087792441902;3.97031410084405;2.823921548260991;1.266261593261233;1.0046251713353476;77.6724520000002
229-GRIEG - Op-12 No-08 (Poetic Tone Pictures).mid;GRIEG;1867;1.4196133739070476;1.346815800977664;3.100908345733338;3.1047721155991814;3.4493696183823928;3.3106859859376865;2.347916790313537;2.195375631233999;71.77574399999995
257-MOZART, Wolfgang Amadeus - (piano for 4 hands) K19d.mid;MOZART;1765;1.214774441345484;1.1174339322404254;3.070512981230069;2.9570872775189807;3.9573763423286614;3.7707338459499056;1.6050253277314845;1.2934274915505088;639.9228719999638
258-MOZART, Wolfgang Amadeus - (piano for 4 hands) K357.mid;MOZART;1787;1.3349381285430701;1.1036903813698156;3.1581313907936712;3.0982402052365168;4.092107232595222;3.763650964731738;2.178677036184133;2.0900397028487276;750.0181951416114
259-MOZART, Wolfgang Amadeus - (piano for 4 hands) K358.mid;MOZART;1774;1.3932858356066464;1.2848274796035688;3.11295946770288;2.965106077308976;4.0216438974193025;3.6886671582903765;2.024996895960714;1.4018834474878268;667.1999999999744
260-MOZART, Wolfgang Amadeus - (piano for 4 hands) K381.mid;MOZART;1774;1.3836237601700643;1.1225891795819045;3.023157260610141;2.951823171758519;4.141260840547608;3.672496773881479;2.2271169933639365;1.6803637402723433;621.2518358916753
262-MOZART, Wolfgang Amadeus - (piano for 4 hands) K497.mid;MOZART;1786;1.2569365048601786;0.9479453073556021;3.2660581763482246;3.1847065245637727;3.835766200629925;3.325591629005425;2.1058845734868545;1.7240624416742012;1481.7343094252235
263-MOZART, Wolfgang Amadeus - (piano for 4 hands) K501.mid;MOZART;1786;1.3730902265775233;1.449868849014601;3.1569687557358606;3.0154702258149984;4.090039424227084;3.302832448815135;1.901009818801995;1.765832789530796;394.5205643416865
264-MOZART, Wolfgang Amadeus - (piano for 4 hands) K521.mid;MOZART;1787;1.2870056120837208;1.2296841840535937;3.1530412516805835;3.0457547468328183;4.362173370985676;4.0182513972644545;1.9295715534907014;1.6005754323239716;1330.807991924818
265-MOZART, Wolfgang Amadeus - (piano for 4 hands) K594.mid;MOZART;1790;1.2667617209578057;1.2383263413829615;3.2891823959641266;3.256980442915363;3.6705108914783215;3.3242348450608104;1.6329893690509596;1.1750676443964994;597.799999999959
266-MOZART, Wolfgang Amadeus - (piano for 4 hands) K608.mid;MOZART;1791;1.0615246469102546;1.0622267500755929;3.365304921474473;3.300222254758852;3.880184246178604;3.261064806522617;2.228532483118936;1.9954721691215749;534.5457320000132
270-MOZART, Wolfgang Amadeus - Sonate Kv 284.mid;MOZART;1775;1.2116607643867388;1.042852353891866;3.197623291214393;3.0912295548516924;4.22349106436574;3.9089967097809426;2.079829367216281;1.7564135300241923;1706.257523950041
277-MOZART, Wolfgang Amadeus - Alla Turca Rondo.mid;MOZART;1783;1.3009129150976415;1.0905462682851863;3.0974145914725026;2.9213719734176546;3.37584788643782;2.9839298085488863;1.3376975762152292;0.6438666964685029;212.8569299999928
293-SAINT-SAENS - BEETHOVEN, Ludwig von - Variations.mid;SAINT SAENS;1874;1.277427577258972;1.1906060824465963;3.3061588997369085;3.0516034009216924;3.8161402284706463;3.2109401782582663;2.5166733457935138;1.98441678359465;993.5451418416762
295-SCHUBERT - 4 Improptus Op 90.mid;SCHUBERT;1827;1.1722818961614552;1.0444902452737854;3.483083468899517;3.122293801526999;3.7731258618657213;2.673045311588536;3.0669288676063653;1.7792975062220635;1590.1185074854252
307-SCHUMANN - Symphonic Etudes.mid;SCHUMANN;1834;1.4376124687119547;1.2129572859207616;3.4060817676981423;3.197348733270185;3.708050497376491;3.5857734153064453;2.6789938203089267;2.2957309286400025;1382.325363122947
314-SHOSTAKOVICH - Op-87 Fugue-01.mid;SHOSTAKOVICH;1951;1.1588674601999478;0.9324682386009565;2.801019293714838;2.733703916765395;3.2503742417325743;2.932062710750666;1.9587878560237328;1.4672868975912357;143.38241856041705
315-SHOSTAKOVICH - Op-87 Fugue-02.mid;SHOSTAKOVICH;1951;1.036713079449815;1.000353078622518;3.511152858328647;3.4012521393692157;4.110194404902665;3.9406680062570385;1.8503112497034446;1.588741131165206;74.9990234375
316-SHOSTAKOVICH - Op-87 Fugue-03.mid;SHOSTAKOVICH;1951;0.9016609152006553;0.9450747084980861;3.346249482794856;3.0288515932821385;3.2748232208144743;2.8685561151952044;1.928271564984595;1.4917594555906388;97.58403950000015
317-SHOSTAKOVICH - Op-87 Fugue-04.mid;SHOSTAKOVICH;1951;0.9479507500915815;1.1773543823329273;3.312613644854176;3.1402913948751836;3.0510117405943777;2.8016691117919983;2.286872041527277;1.7832235433311017;245.09794506249946
318-SHOSTAKOVICH - Op-87 Fugue-05.mid;SHOSTAKOVICH;1951;0.9755147086953113;1.063231784312646;3.2860780527763915;2.8984961496103496;3.3014653270103245;1.7118978857491611;1.784242786476573;0.6534153642848164;109.60463099999906
319-SHOSTAKOVICH - Op-87 Fugue-06.mid;SHOSTAKOVICH;1951;0.8568154056885848;1.1560351421122053;3.3523642712742996;3.032373084739926;2.9424811287126307;2.8489886328500873;2.479302287777181;2.0565839858635373;219.05267558333378
320-SHOSTAKOVICH - Op-87 Fugue-07.mid;SHOSTAKOVICH;1951;1.4978049856674378;1.220614410013352;3.148701200580441;2.885277793607934;3.592782668385719;3.33650187803484;1.983179181880376;1.5077152025590557;120.86728150833385
321-SHOSTAKOVICH - Op-87 Fugue-08.mid;SHOSTAKOVICH;1951;0.7020644742956254;0.8834080232454573;3.5134205593655317;3.187314380695076;3.2341321237747125;2.9711328298394633;2.559439209868499;1.946045608647301;333.42195404166654
322-SHOSTAKOVICH - Op-87 Fugue-09.mid;SHOSTAKOVICH;1951;0.8668215407697253;0.8644177968757143;3.3231465354559524;3.168889630215954;3.3781948940711946;3.273938212415847;1.0689264357021717;1.0587188708478787;91.66003202291662
323-SHOSTAKOVICH - Op-87 Fugue-10.mid;SHOSTAKOVICH;1951;1.1775121513350082;1.076247564056484;3.4150783696866407;3.069624482651682;3.033714670786624;2.1737259926938792;2.2994061460024646;1.302534464080666;305.0421427416695
324-SHOSTAKOVICH - Op-87 Fugue-11.mid;SHOSTAKOVICH;1951;0.930321831085972;1.049625379449275;3.2788673098269117;3.0087777341380098;3.4882524027645325;2.3677458236819575;1.9906035715438668;1.319304248972292;122.39903328333361
325-SHOSTAKOVICH - Op-87 Fugue-12.mid;SHOSTAKOVICH;1951;0.9867087200882909;1.0202503380551422;3.5370141284398438;3.2159398024681534;3.517180601910172;3.4116049705612173;1.8569364557046828;1.4776997633922921;221.3619250416673
326-SHOSTAKOVICH - Op-87 Fugue-13.mid;SHOSTAKOVICH;1951;0.8708325993656099;1.0887384834113694;3.406271113908958;3.0028081716837423;3.096704125919059;2.0286706987311462;2.4185988360491506;1.0486768698020283;254.4465690583339
327-SHOSTAKOVICH - Op-87 Fugue-14.mid;SHOSTAKOVICH;1951;0.8959271958550948;1.0453871541722435;3.3257704372476717;2.9577187039852326;3.3544641712348096;1.6381722897302489;1.8122581894650802;0.6309876349445686;140.64622780000013
328-SHOSTAKOVICH - Op-87 Fugue-15.mid;SHOSTAKOVICH;1951;1.0358126340826934;0.5740997721991629;3.5656842280192005;3.5486754694935874;3.5629715389846415;2.2701085622230703;1.8212651389313699;1.0348760697811432;90.7449035833338
329-SHOSTAKOVICH - Op-87 Fugue-16.mid;SHOSTAKOVICH;1951;0.8849221733076734;0.975265122716168;3.0141294026256973;2.823526003356085;3.2664707293025668;3.076916479140363;2.645894995699684;2.454687040894883;322.36665518333405
330-SHOSTAKOVICH - Op-87 Fugue-17.mid;SHOSTAKOVICH;1951;0.9182433784517732;1.0994715978045455;3.3796203555650997;3.1878217171335366;3.438006628401117;3.151197859561502;1.967706564186853;1.4265179186696115;218.0783165000035
331-SHOSTAKOVICH - Op-87 Fugue-18.mid;SHOSTAKOVICH;1951;1.0756443353583136;0.9415388120580762;3.4203622690115427;2.9708403356477655;3.326208713455118;2.061962659751457;2.702597226848776;1.217480925567429;167.12110338750054
332-SHOSTAKOVICH - Op-87 Fugue-19.mid;SHOSTAKOVICH;1951;0.7933992918834859;0.6818916678144203;3.5538936510175887;3.506195763552488;3.1978061561063567;2.9546781103197284;2.4013268014059146;2.19201551718071;139.15707483333242
333-SHOSTAKOVICH - Op-87 Fugue-20.mid;SHOSTAKOVICH;1951;1.1381487795702665;1.168204352843154;3.3572513768234438;3.063064466243709;3.0423172919548467;1.9922470536605912;2.35297620347319;1.1895863083212235;291.9232207708321
334-SHOSTAKOVICH - Op-87 Fugue-21.mid;SHOSTAKOVICH;1951;0.9163874737951155;0.9044305883402937;3.502261720226602;3.1193086838911457;3.581750899927923;2.491837290590307;1.9049162966792508;1.2914757195609763;164.41928191666705
335-SHOSTAKOVICH - Op-87 Fugue-22.mid;SHOSTAKOVICH;1951;0.9026403873839421;1.039414873949479;3.459927396415974;3.145912637205277;3.478441865120179;3.1030703887153566;2.388453802191738;1.7500171836630056;197.44374349999995
336-SHOSTAKOVICH - Op-87 Fugue-23.mid;SHOSTAKOVICH;1951;1.220700719437304;1.0662153195637074;3.4931702934432542;3.30121220289862;3.2666029957991447;2.3646566255254373;1.793779211080627;0.9884253227821139;171.0633595625001
337-SHOSTAKOVICH - Op-87 Fugue-24.mid;SHOSTAKOVICH;1951;1.3510727745383229;0.9329645535480585;3.5028104384470415;3.028298576331317;3.503734442176637;3.064905044587837;2.141038390646741;1.7284187327126879;409.1535653750002
338-SHOSTAKOVICH - Op-87 Prelude 01.mid;SHOSTAKOVICH;1951;1.3707962662443114;0.9809392620318697;3.2987948741367963;3.287386815268314;3.0528981204254264;2.1406630534885474;2.3322776500634674;2.1160859253830426;131.4232359270835
339-SHOSTAKOVICH - Op-87 Prelude 02.mid;SHOSTAKOVICH;1951;1.2372403902070608;1.0589744659599918;3.1693621517989015;3.1306093728764415;3.6456131626570576;3.47501449045138;1.088734149656164;0.9906179390987637;49.011229508333386
340-SHOSTAKOVICH - Op-87 Prelude 03.mid;SHOSTAKOVICH;1951;1.081225298826479;0.982879525731249;3.0562115904496654;2.920017237452126;3.378298960013765;3.1976507980605726;1.8973232791560573;2.2013048585757096;103.19334599999996
341-SHOSTAKOVICH - Op-87 Prelude 04.mid;SHOSTAKOVICH;1951;1.0871153760513845;1.0749055414093664;3.327726111076252;3.1130213591480356;4.136052498646505;2.833390072153028;2.4721305760579257;1.2148966938638595;105.09121754166658
342-SHOSTAKOVICH - Op-87 Prelude 05.mid;SHOSTAKOVICH;1951;1.1925566859705916;0.916810874122704;3.152452123677202;3.084318443520182;3.4281410965643397;2.919942355464752;1.9052011444574455;1.7007562761051145;109.31097788541618
343-SHOSTAKOVICH - Op-87 Prelude 06.mid;SHOSTAKOVICH;1951;0.7282468919937503;0.7887594009405756;3.290292102984582;3.1780509646214132;3.9009569585487514;3.6363532198681745;2.2157372271371822;1.8573303241212484;81.47634690833337
344-SHOSTAKOVICH - Op-87 Prelude 07.mid;SHOSTAKOVICH;1951;1.4636771666349735;1.343826536512184;3.2399509538231497;3.1441758638554402;3.7238712022454674;3.204496602788735;1.748731657933357;1.711684427077933;67.39730853958342
345-SHOSTAKOVICH - Op-87 Prelude 08.mid;SHOSTAKOVICH;1951;0.8656699329662693;0.9784916060799524;3.2803935274308165;3.1158626535472465;3.515020106414271;3.0666161563624135;1.3892287069869558;0.42844891472752133;62.99791666666679
346-SHOSTAKOVICH - Op-87 Prelude 09.mid;SHOSTAKOVICH;1951;0.8918345263540216;0.726050941151902;3.3471226897294923;3.061247959258407;3.3933500554011293;2.2671867043996063;2.0060545000548373;1.976288438638252;141.16918016666685
347-SHOSTAKOVICH - Op-87 Prelude 10.mid;SHOSTAKOVICH;1951;1.2667077543548364;0.9088816320697041;3.2900769306175017;3.1390068405373697;3.3510666206456565;2.7609228753134967;1.1844628536614792;1.1928004278271254;96.24857553333378
348-SHOSTAKOVICH - Op-87 Prelude 11.mid;SHOSTAKOVICH;1951;0.8129686408347854;0.7736788660461873;3.2953318855652847;3.0476645764685264;3.6230364566855098;3.0804825887237435;2.050158440803074;1.7550782268949021;67.89971244583356
349-SHOSTAKOVICH - Op-87 Prelude 12.mid;SHOSTAKOVICH;1951;1.1849924472912834;1.141749414251271;2.807140116955675;2.734217006337976;3.670316366763227;3.0210455970433614;1.7701198745985867;1.2319757240585674;252.99506637500014
350-SHOSTAKOVICH - Op-87 Prelude 13.mid;SHOSTAKOVICH;1951;1.3081231089354652;0.953245865757383;3.013035557915245;2.942233376244384;3.7304036393229896;1.223010264029329;2.4673200747082675;2.0533931180482874;113.17821064583345
351-SHOSTAKOVICH - Op-87 Prelude 14.mid;SHOSTAKOVICH;1951;0.7395985033039387;0.7014476733304238;2.1767557934278123;1.7378339639747278;2.763764802368264;1.8675256256046833;2.09505786642396;1.202312826553366;204.82009152916922
352-SHOSTAKOVICH - Op-87 Prelude 15.mid;SHOSTAKOVICH;1951;1.2022390940709404;1.077040356689385;3.1951439426568524;2.9710776789012265;3.9937303550874472;3.515632439332944;1.6746756159985023;0.7023519989188602;161.48420268750002
353-SHOSTAKOVICH - Op-87 Prelude 16.mid;SHOSTAKOVICH;1951;1.2551422095607354;1.1811605456731982;3.119452637038156;3.0587740114131594;3.6790058633556444;2.8732893440627656;3.0557380667530527;1.636357987122124;134.84919904166586
354-SHOSTAKOVICH - Op-87 Prelude 17.mid;SHOSTAKOVICH;1951;1.437730588190205;1.1364279415280873;3.121976818567652;3.0285944226225734;4.0343493773522985;3.374125876411946;1.50662171864101;1.1463900464163652;100.1087459999999
355-SHOSTAKOVICH - Op-87 Prelude 18.mid;SHOSTAKOVICH;1951;1.014395012070929;0.7286572600175143;3.3074041910307614;3.2462964810769224;3.1349464688411603;2.014380595004593;2.5384825413678436;1.1691093788989764;102.46745562499991
356-SHOSTAKOVICH - Op-87 Prelude 19.mid;SHOSTAKOVICH;1951;0.6739616308258506;0.735483509391938;3.455558059372108;3.0254974789688087;3.639567396112801;2.0662665996035527;2.8522484904751986;0.6644547001249643;104.44096318749989
357-SHOSTAKOVICH - Op-87 Prelude 20.mid;SHOSTAKOVICH;1951;0.9212776895220969;0.8671226801938765;3.2190521826165446;2.9643572078427156;3.9171231563860163;3.598267375323605;2.5516456833964454;1.8185217509534484;179.30922515833362
358-SHOSTAKOVICH - Op-87 Prelude 21.mid;SHOSTAKOVICH;1951;0.9036799188593678;0.8967887813690916;3.326226865005654;3.19068056834739;3.8042743159937187;2.9961010675724786;1.0908859648263927;0.4842305043800811;77.04401354583348
359-SHOSTAKOVICH - Op-87 Prelude 22.mid;SHOSTAKOVICH;1951;0.6205812857081761;0.6931866164428764;3.2700021578260245;3.032667553341523;2.621435141467678;1.003259280152911;1.1010767536505124;0.3060986113514965;132.5175572041669
360-SHOSTAKOVICH - Op-87 Prelude 23.mid;SHOSTAKOVICH;1951;1.0499950822870734;1.072424307492743;3.444795459113542;3.3849385299990544;3.4123439833783222;3.021513271515712;2.0748970678633003;1.9983641760108277;144.01753187083287
361-SHOSTAKOVICH - Op-87 Prelude 24.mid;SHOSTAKOVICH;1951;1.1828572184979507;1.1613565359567903;3.239156558293466;3.075024973537367;3.6339318651173342;2.8613891605400026;2.5423266111834764;1.8892213607291723;176.3764157291668
366-TCHAIKOWSKY - Nutcracker Suite Op-71a.mid;TCHAIKOWSKY;1892;0.8642654843605143;1.0224953226191664;3.40115896183722;3.290170057384962;3.8375850584420608;3.3382329268424042;2.7195515661147875;1.952246864224684;1162.7654624749819
001-BACH, Johann Sebastian - BWV-0772 No-01 2-part invention.mid;BACH;1723;1.0776238805195497;1.1066579820341211;3.068595719305204;2.9534141744223925;3.4415057130812934;2.8903175329660282;1.2045391936022838;1.1182509921547135;72.08142279166607
002-BACH, Johann Sebastian - BWV-0773 No-02 2-part invention.mid;BACH;1723;1.0333624917812267;1.1114586710823273;3.0930691324606734;2.9291571719525336;3.416136815002632;2.981330256856439;0.7855526641974301;0.6675985290658603;94.37283600000018
003-BACH, Johann Sebastian - BWV-0774 No-03 2-part invention.mid;BACH;1723;1.0577086797519892;1.104033417140924;2.966176399653952;2.7564522335353723;3.431449673266795;2.842879932860225;1.2036904826687387;0.7780693449568994;61.110085400000216
004-BACH, Johann Sebastian - BWV-0775 No-04 2-part invention.mid;BACH;1723;1.0833132705018507;1.1270263774320302;3.222485187242291;2.8814369220225866;3.472064015485993;3.049583537046028;1.0448095268843753;0.6839709646182573;54.30634383333348
005-BACH, Johann Sebastian - BWV-0776 No-05 2-part invention.mid;BACH;1723;1.0199186789718149;0.9118625625309175;3.1564966897025006;3.0251202961919774;3.23723140581772;3.123758651531263;1.1661573412048576;0.8752952241484684;88.58077560000049
006-BACH, Johann Sebastian - BWV-0777 No-06 2-part invention.mid;BACH;1723;0.8657174914244264;0.9658309311338497;3.1227311869990015;2.948452073698163;3.872654025872954;3.205286564780057;1.4758439844283158;1.2608843351887307;155.66660440000018
007-BACH, Johann Sebastian - BWV-0778 No-07 2-part invention.mid;BACH;1723;1.0999988179747198;1.0305391064854883;3.0840214350992645;2.9425258153595975;3.5405275348341267;3.09735285894255;1.18471778835325;1.0037606982316825;72.0
008-BACH, Johann Sebastian - BWV-0779 No-08 2-part invention.mid;BACH;1723;1.09578882288274;1.1699738332092968;3.093378059236195;2.849687226078754;4.009788562219287;3.5207910001717284;0.9570403145858742;0.9003044214173912;51.3003410000001
009-BACH, Johann Sebastian - BWV-0780 No-09 2-part invention.mid;BACH;1723;1.4060648605227475;1.0571946904151197;3.366444155350657;3.2057088620450087;2.8867189690571196;2.6665798723455962;1.3110905500546672;0.8267914671241257;97.625001
010-BACH, Johann Sebastian - BWV-0781 No-10 2-part invention.mid;BACH;1723;1.3000418799231164;1.2804966732568224;2.8952347187106455;2.812000198346074;3.535079993367475;3.2250398032758634;1.1411738567695937;0.8657060443524829;54.89999999999997
011-BACH, Johann Sebastian - BWV-0782 No-11 2-part invention.mid;BACH;1723;1.166787352766295;0.9207397677073114;3.3022485583638757;3.191466295235133;3.304931273461829;3.0766110299898006;0.8795209436143402;0.6797463072729291;91.73387708333344
012-BACH, Johann Sebastian - BWV-0783 No-12 2-part invention.mid;BACH;1723;0.9817890787117216;1.0933910520239452;3.143637802360278;3.070960456847838;3.753082941839637;3.342880120518911;1.1706459127525606;0.9893182925884737;72.67927919999931
013-BACH, Johann Sebastian - BWV-0784 No-13 2-part invention.mid;BACH;1723;1.538339136563485;1.2612327455104622;3.181430077418983;2.895580739224556;3.8274421722276424;3.568931027780762;1.217559381903764;1.1312565147709068;65.50340699999954
014-BACH, Johann Sebastian - BWV-0785 No-14 2-part invention.mid;BACH;1723;1.1442526338971;0.9001509372144852;3.01956456814167;2.9623447643896266;3.836161281961878;3.554035065633314;1.4684471080484442;1.5638047848592949;86.39999280000029
015-BACH, Johann Sebastian - BWV-0786 No-15 2-part invention.mid;BACH;1723;1.3359416612896484;1.147039147207655;3.1851269079977045;3.084872159406221;3.6244604367506947;3.16271507468641;1.2233293637243199;1.2113869563604853;63.95747500000006
031-BACH, Johann Sebastian - BWV-0802 Duetto I in E-min.mid;BACH;1739;0.7990394371785746;0.8992945676510665;3.4429338612713547;3.3823290905302468;3.822886719688483;2.937063988016864;1.6943022057635029;1.2210007810246184;119.59594933333328
032-BACH, Johann Sebastian - BWV-0803 Duetto II in F-Maj.mid;BACH;1739;0.9971923142385316;0.9336748802183464;3.286571847327208;2.977575252716388;3.8610184593477848;2.7394143971531335;1.4153563175998451;1.06034618046382;163.29710400000403
033-BACH, Johann Sebastian - BWV-0804 Duetto III in G-Maj.mid;BACH;1739;0.7726994602678856;0.9641476813911518;3.1491153526574016;3.0180797289485386;3.654265664683989;3.488156190855152;1.0684148224477037;1.0685039845382118;140.48333524999651
034-BACH, Johann Sebastian - BWV-0805 Duetto IV in A-min.mid;BACH;1739;1.2580293384881398;1.136342344084362;3.3437402888846215;3.0184488554700257;3.74097529016085;3.189416003841341;1.798156177995531;1.2476560110560349;153.87124800000143
038-BACH, Johann Sebastian - BWV-0808 Mov-01 Prelude English Suite.mid;BACH;1720;1.2570712938778572;1.1664100986416266;3.29211580757442;2.913862404897989;3.8006333424581644;2.284888289888836;1.0914737654138882;0.5156157710841974;196.55594184582816
039-BACH, Johann Sebastian - BWV-0808 Mov-02 Allemande English Suite.mid;BACH;1720;1.485155128660995;1.2051010641751994;3.242738502767878;3.1284926113527645;3.790652904651682;3.7357392029682086;1.2639054698243424;1.24767186211614;210.95125430000135
040-BACH, Johann Sebastian - BWV-0808 Mov-03 Courante English Suite.mid;BACH;1720;1.5744654736401453;1.3310587562770628;3.2358995857072954;3.102135645477659;3.5114157648235618;3.3158951256893006;1.5057151495286614;1.2039403495902155;121.1094729145829
043-BACH, Johann Sebastian - BWV-0808 Mov-06 Gigue English Suite.mid;BACH;1720;1.2035506361932184;1.0407966232266153;3.3028939063080625;3.1683092770109793;3.773235760935318;2.988149211731084;1.0112024889069395;0.6440591445620248;140.8505491208332
091-BACH, Johann Sebastian - BWV-0874 No-5 Well Tempered Clavier.mid;BACH;1740;0.9111187979612644;1.0358987169043756;3.108920184022661;2.966448474757448;3.2359553709249194;2.1234720775463205;1.786474176164122;1.049322334915269;155.76198901666586
093-BACH, Johann Sebastian - BWV-0876 No-7 Well Tempered Clavier.mid;BACH;1740;1.4171713619250035;1.3261534658252985;3.0628333109266457;2.7695025025503233;3.3182127021249386;3.057144395904003;2.054615449886033;1.7491417974660781;112.0000000000006
105-BACH, Johann Sebastian - BWV-0888 No-19 Well Tempered Clavier.mid;BACH;1740;0.8990236710131843;1.0262400442132424;3.222968009239599;3.0779105180420547;3.404891143963824;3.4079187766227084;1.3856792926799577;1.3657416420454578;75.88232895833275
106-BACH, Johann Sebastian - BWV-0889 No-20 Well Tempered Clavier.mid;BACH;1740;1.0164300570325362;1.0710089388687327;3.384056979154308;3.295851412057654;3.6687670586672017;3.4741199061366688;2.4830515552580548;2.2961887762155877;94.4980031083349
107-BACH, Johann Sebastian - BWV-0890 No-21 Well Tempered Clavier.mid;BACH;1740;1.1741224246314657;1.1858600017185486;3.1678989636445296;2.9420316162525024;3.4176780198334575;1.8373001323394;1.4431229397925571;0.4900476807656395;155.76924601666767
109-BACH, Johann Sebastian - BWV-0892 No-23 Well Tempered Clavier.mid;BACH;1740;0.9281450116530158;1.0254530874540968;3.2393771595510215;3.013922000554288;3.40571659211604;2.8155190558797054;1.9699649672325457;1.4806163407687019;210.97435593333344
110-BACH, Johann Sebastian - BWV-0893 No-24 Well Tempered Clavier.mid;BACH;1740;1.2331337843568992;0.9450203136870949;3.294206552703714;3.2364895667050146;3.867517142676169;2.5571640491817407;1.774314188371045;0.6961523619371885;104.41897704166396
113-BACH, Johann Sebastian - BWV-0906 Mov-01 Fantasia Fantasia & F.mid;BACH;1738;1.3940977289454186;1.3463213061273005;3.395828866740859;3.3685099028130914;4.075967599347544;3.78003951406885;2.010476515704192;1.988018474376795;298.86975497917007
114-BACH, Johann Sebastian - BWV-0906 Mov-02 Fuguee Fantasia & Fugue.mid;BACH;1738;1.4662838413417232;1.2282259729584213;3.3654259428547273;3.4008310996660303;3.7582706330711178;3.1882325323778145;1.7567591644830223;1.385583875980493;156.59033258333056
115-BACH, Johann Sebastian - BWV-0910 Toccata No-1 in F#-min.mid;BACH;1712;1.32403310466405;1.1554560205831614;3.2970139061181936;3.2301562521310556;1.4698829107684461;1.4051034697061708;5.162720437777997;3.605108642283085;539.3243793568013
116-BACH, Johann Sebastian - BWV-0911 Toccata No-2 in C-min.mid;BACH;1714;1.4724849188246576;1.2384432588803853;3.2114410439255043;3.15263390456243;1.5226589370162666;1.3491852506441155;4.763863058461183;3.424172892743115;585.0772912942823
117-BACH, Johann Sebastian - BWV-0912 Toccata No-3 in D-Major.mid;BACH;1710;0.9117551174533881;1.0295951032929822;3.301909300636422;3.113772100742449;1.5062519316587908;1.3573553932025897;4.805699187175189;3.745194498862766;603.6039066666607
118-BACH, Johann Sebastian - BWV-0913 Toccata No-4 in D-min.mid;BACH;1708;1.323771679301671;1.3377504405175198;3.3020616552464053;3.195323533168892;1.5103887900806643;1.5026131234447215;5.114241920358893;3.4176162952419893;778.2583344999495
119-BACH, Johann Sebastian - BWV-0914 Toccata No-5 in E-min.mid;BACH;1710;1.2804375988807934;1.1732364980170427;3.2603479620968776;3.207870526227319;1.5;1.3646979298316273;4.696371067396784;3.586524255883113;450.8432313333041
120-BACH, Johann Sebastian - BWV-0915 Toccata No-6 in G-min.mid;BACH;1710;1.3752102494729406;1.0522986916943422;3.2903089945755823;3.1391433995321156;1.4534031871036586;0.7788090546923926;4.51894311604212;1.952320616136016;511.64247999999105
121-BACH, Johann Sebastian - BWV-0916 Toccata No-7 in G-Major.mid;BACH;1714;0.9215457196159138;1.0686662262303555;3.094375784726455;2.996275729046037;1.5444275478127434;1.4944698499368403;4.512809314821896;2.9419870409387268;424.1847862760707
122-BACH, Johann Sebastian - BWV-0948 Fugue in D-min.mid;BACH;1727;1.2656849209352345;0.9700214674552287;3.3289179022659234;3.2317684446429937;3.9081703332155504;2.381791247311762;1.9377624205078483;1.0111032509144446;184.70931600000003
123-BACH, Johann Sebastian - BWV-0953 Fugue in C.mid;BACH;1723;0.8004370710776197;1.1834119366008722;3.1812342957396065;3.176630413190825;3.8975826140125704;3.818428404822532;1.3434682586464708;1.2127422501201983;93.76303939999954
131-BARTOK, Bela - Bagatelle Op-6 No-2.mid;BARTOK;1908;0.23954345622974538;0.5277479567608043;3.2936559271546932;3.3474327590629938;3.3214423365161214;3.5220228233034354;1.654651896024619;1.8027195823633244;49.24235254166684
133-BARTOK, Bela - Roumanian Dance.mid;BARTOK;1910;0.6022460741857183;0.6283140079952277;3.526583507518664;3.3642603665685304;4.030186791120053;3.2334539026511755;2.153350069164401;1.4376140992560242;291.7389680885387
134-BEETHOVEN, Ludwig Van - Op-013 No-8 Mov-02 Adagio Cantabile.mid;BEETHOVEN;1798;1.2882634293765123;1.1443032788653424;3.1971175158280016;3.0410077087872054;3.852188824344504;0;2.1787481750495976;0;352.1017859999914
135-BEETHOVEN, Ludwig Van - Op-013 No-8 Mov-03 Rondo Allegro sonata.mid;BEETHOVEN;1798;1.1918596962069694;1.2816679585920572;3.2410291649955205;3.037593056059767;3.9566081469333123;3.5532496528839137;3.1047118270937992;2.2551230430796063;254.09687500000774
141-BEETHOVEN, Ludwig Van - Op-033 No-1 Seven Bagatelles.mid;BEETHOVEN;1782;1.2808839826322376;1.304272683457136;2.934656982918636;2.840131039159964;3.7033936131006833;3.339065369757798;2.487828303657478;2.243534441969324;272.2545731874999
142-BEETHOVEN, Ludwig Van - Op-033 No-2 Seven Bagatelles.mid;BEETHOVEN;1782;1.3436997055669604;1.225216200932029;3.0063453179276736;2.886276399063723;3.672034157628267;2.575801552072629;2.382576535253096;1.178779627528632;170.0920918124963
143-BEETHOVEN, Ludwig Van - Op-033 No-3 Seven Bagatelles.mid;BEETHOVEN;1782;1.049933996798312;1.1791205429715221;2.8629034293874738;2.7095268400307457;3.7584524236018417;2.8919832827198184;1.676023479682375;1.602941593783445;134.23177083333306
144-BEETHOVEN, Ludwig Van - Op-033 No-4 Seven Bagatelles.mid;BEETHOVEN;1782;1.3074207587420215;1.0918842468650398;2.984793769955348;2.8908154013821123;4.158758257551225;1.1771676205503265;2.6794427349581533;1.145134047206412;194.02641643750133
145-BEETHOVEN, Ludwig Van - Op-033 No-5 Seven Bagatelles.mid;BEETHOVEN;1782;1.2559088058529757;1.1939448965264998;3.007015934673882;2.906907403736334;3.6145418193298506;2.7966249955799083;2.7937312127888303;2.46079992221394;170.1937499999963
146-BEETHOVEN, Ludwig Van - Op-033 No-6 Seven Bagatelles.mid;BEETHOVEN;1782;1.1270036677789037;1.0495879133497295;2.966104045639082;2.850270179324027;3.1909890207365508;2.0139688567001373;2.583616610714709;1.782906047457813;176.82458244791573
147-BEETHOVEN, Ludwig Van - Op-033 No-7 Seven Bagatelles.mid;BEETHOVEN;1782;1.2251439990080395;1.2433595203259897;2.9223055121050105;2.8485459413678296;3.9713755318855295;1.7075388594816507;1.9987963823319794;1.528208650285377;130.06520821874832
154-BEETHOVEN, Ludwig Van - Op-13 No-8 Mov-01 Grave - Allegro.mid;BEETHOVEN;1798;1.063847268016879;1.0972423289354583;3.380678963538017;3.2004815753680216;3.9081828346787124;2.3825795786014754;2.3821170258852984;1.2832396043338639;578.1876677500021
199-CHOPIN, Frederic Francois - Op-64 Waltz in Db No-1.mid;CHOPIN;1847;1.4078785758584171;1.3513257631406266;3.0060220348076463;2.979779315335993;3.176487583253928;2.734893818436366;1.0507379241779904;0.4495129457363799;108.16214270000013
203-DEBUSSY, Claude Achille - Arabesque No-1.mid;DEBUSSY;1891;1.036371088861743;1.2154281568511316;3.138139479997978;2.997947643397699;3.979595109887426;3.853307850178537;2.065901872241774;1.4280641043456108;203.8337000651042
205-DEBUSSY, Claude Achille - Sarabande.mid;DEBUSSY;1901;1.1005225738296645;0.949989097793851;3.1597569328671415;3.169455258443957;3.85971620633073;3.621186859308237;2.0586936575964017;1.8405162000348196;219.30148407083334
209-HAYDN, Franz Joseph - Op--Minuet in Eb.mid;HAYDN;1776;1.4378187605141708;1.1920860392820147;2.9804878903079888;2.9328783853314246;3.6225129740316016;3.0150051356986562;2.064591972619597;1.7949711400140194;127.63434966666682
210-HAYDN, Franz Joseph - Op--Mov-01 piano sonata No-37 in D.mid;HAYDN;1780;1.3498152204599583;1.0062442308905402;3.1896642252559397;3.0205845052956075;4.0170084126096945;3.3880435529731723;1.6965758674946427;1.604278760793285;185.09160199999604
211-HAYDN, Franz Joseph - Op--Mov-01 piano sonata No-52 in Eb.mid;HAYDN;1794;1.3962019672159172;1.079706057269149;3.345470306539686;3.2127024056618083;4.237816784124039;3.8694944721216764;2.2098291619298487;2.1276134959267305;315.0763466000024
212-HAYDN, Franz Joseph - Op--Mov-03 Presto piano sonata No-52.mid;HAYDN;1794;1.2085094451275014;0.9026098113278117;3.2207982371486343;2.9909692907718792;4.083439855064332;3.076677849351023;1.6833102165910045;0.9536670207922043;225.93495199999936
213-HAYDN, Franz Joseph - Op--No-1 in D German Dance.mid;HAYDN;1793;1.6198642256072497;1.5631878644135275;2.5687748555851555;2.5388266299976916;3.0692783722941837;2.476706815955262;1.316171633363175;0.8485743765277107;37.547696833333454
214-HAYDN, Franz Joseph - Op--No-5 in D German Dance.mid;HAYDN;1793;1.608153961465268;1.2221199677700607;2.4593455601429444;2.2931264664697437;3.2607271939605926;2.4575865830854884;1.257082579949567;0.37153335961371026;37.03227966666681
215-HAYDN, Franz Joseph - Op--No-6 in E German Dance.mid;HAYDN;1793;1.6340121136631809;1.4585254985147404;2.5063547123151846;2.5200423335014195;3.512271920909567;2.454974941930429;1.2351287311004846;0.2951037584180924;31.144857333333345
236-MOZART, Wolfgang Amadeus - K002-Minuet in F.mid;MOZART;1762;1.3786044823583403;1.3611000054404854;2.852178257356353;2.7440253374832384;3.297161359693668;3.025423981484888;1.4742222113129617;1.189041712954879;56.02591800000021
238-MOZART, Wolfgang Amadeus - K004-Minuet in F.mid;MOZART;1762;1.373932770513254;1.0429007995451156;2.7229488973174267;2.7061101534576126;3.4538635305853194;3.333618674757864;2.351086521194276;0.731368806760667;82.52551660000013
239-MOZART, Wolfgang Amadeus - K175 Mov-01 Allegro piano concerto.mid;MOZART;1773;1.4114264310327154;1.3140624865432993;2.9918456279908043;2.787737689635944;4.31710485105975;3.4372501584640616;2.324796011083323;1.8996515136067327;491.7635516666717
240-MOZART, Wolfgang Amadeus - K175 Mov-02 Andante Ma Un Poco Adagio piano concerto.mid;MOZART;1773;1.4679955839602066;1.408211986573057;2.999926963914428;2.778451482566169;4.304788987217325;3.3307323936801083;2.2258802714555124;1.9013003139547462;424.197592697924
241-MOZART, Wolfgang Amadeus - K175 Mov-03 Allegro piano concerto.mid;MOZART;1773;1.4125273028955494;1.3621062335311762;2.9803617378326046;2.74225550547186;4.393712346162428;3.432442157510071;2.802344873458673;2.396515488929129;303.49739583333536
242-MOZART, Wolfgang Amadeus - K246 Mov-01 Allegro Aperto piano concerto.mid;MOZART;1776;1.320551104391917;1.4125127923488396;3.0190784852436203;2.8817845804245437;4.278281191573551;3.6547810635797333;2.3866979230427026;1.8191148249908848;388.75471495832954
243-MOZART, Wolfgang Amadeus - K246 Mov-02 Andante piano concerto.mid;MOZART;1776;1.408452054426535;1.4284961577728426;3.063872550732981;2.899931667308789;3.805692293938551;2.853287002457666;2.3254448181844967;1.9799832562702395;364.9510404999854
244-MOZART, Wolfgang Amadeus - K246 Mov-03 Rondo piano concerto.mid;MOZART;1776;1.4707795530242855;1.301127436754181;3.06549276921791;2.8577097283539077;4.036911386184972;3.2786141336316263;2.9564177694430938;1.7064547997496002;447.5150850729167
246-MOZART, Wolfgang Amadeus - K279 Mov-02 Andante piano sonata.mid;MOZART;1774;1.2161972373697691;1.0454723509635322;3.249404937358364;3.190277345110307;3.7545949982545594;3.538961716509919;1.8483689001214805;1.8075998268139168;229.046875
247-MOZART, Wolfgang Amadeus - K279 Mov-03 Allegro piano sonata.mid;MOZART;1774;1.1598965676743793;1.0001575087128298;3.13252577672862;3.051007785061779;3.9585316146108545;3.7278949411419573;1.1078217495016323;1.00404495657423;203.23640390624925
248-MOZART, Wolfgang Amadeus - K280 Piano sonata No-2 in F.mid;MOZART;1774;1.3936349951212188;1.2468201727617985;3.2884227896807543;3.112441817313188;4.1117521903229735;3.7506256704091867;2.3323946581574284;2.141881494034532;1229.169257599992
249-MOZART, Wolfgang Amadeus - K281 Mov-01 Allegro piano sonata.mid;MOZART;1774;1.2201177934197007;1.1857786054043886;3.1003403736476907;2.973734667719423;3.9007299041694865;3.2085459218232786;2.1036629692836715;1.9763121028391404;346.33943115624106
250-MOZART, Wolfgang Amadeus - K281 Mov-02 Andante piano sonata.mid;MOZART;1774;1.2519337580063286;1.23557623233347;3.0051364395412627;2.9019222914109477;3.9438008334618395;3.6375233183796682;1.8277131418255463;1.5814811504242858;273.8937500000042
251-MOZART, Wolfgang Amadeus - K281 Mov-03 Rondo piano sonata.mid;MOZART;1774;1.1191318548557883;0.9601595832311459;3.1624947981139058;3.0536743732697644;3.8218560991325203;3.4890794050056417;2.3880093070236827;1.5362642310079655;334.5188962499979
252-MOZART, Wolfgang Amadeus - K282 Piano sonata No-4 in E.mid;MOZART;1775;0.9968448668412869;1.1283382118113399;3.155874105042056;3.122892131598951;4.2273444674786385;3.7014395460336993;2.19695082493973;1.3867902097707383;870.6927130583671
253-MOZART, Wolfgang Amadeus - K283 Piano sonata No-5 in G.mid;MOZART;1775;1.3775122761454435;1.1011115736384773;3.1960717048227116;2.9958197919593488;4.202962507178438;3.960565070471396;1.8166842033129968;1.6809359625062297;1144.492003883365
255-MOZART, Wolfgang Amadeus - K311 Mov-01 Allegro Con Spirito.mid;MOZART;1777;1.3512451292034093;1.3180378544154325;3.049719388822347;2.9127437464297437;4.34749817130745;4.1021023925444675;1.8689933372753171;1.6515164321145615;276.9313542083451
256-MOZART, Wolfgang Amadeus - K311 Mov-02 Adagio Non Troppo piano sonata.mid;MOZART;1777;1.2203129139948639;0.9817107416765015;2.9890874971518855;2.8703609175352285;4.100334855179478;3.9053144236271478;1.5681886178606335;1.636451965584406;261.66666666666737
257-MOZART, Wolfgang Amadeus - K311 Mov-03 Rondo piano sonata.mid;MOZART;1777;1.299619177596984;1.1964256909323028;3.0560017197222122;2.8912663997847106;3.8784428792893233;3.1273595802855554;1.894573065582356;1.7439520637243833;350.5941838333436
258-MOZART, Wolfgang Amadeus - K330 piano sonata No-10 in C.mid;MOZART;1783;1.4005221037087479;1.0919944697372344;3.1249986662781017;2.9308838987557957;4.283986686441219;3.751350710436611;1.9517081693790614;1.3057915297931348;1241.7679902834195
259-MOZART, Wolfgang Amadeus - K331 Mov-01 Andante Grazioso piano.mid;MOZART;1783;1.6073465064647414;1.516517899570242;2.975438629905987;2.8372277307294773;4.214397540608889;3.314297824917048;2.0217239315178843;1.7764290393270792;859.3543502708292
260-MOZART, Wolfgang Amadeus - K331 Mov-02 Minueto & trio piano.mid;MOZART;1783;1.026020476759403;1.2807509626541647;3.1731881769628765;3.0269494459350694;4.0343751027545895;3.9160225459509985;1.6836045723894306;1.2033551093025983;311.3736940729077
265-MOZART, Wolfgang Amadeus - K333 Mov-01 Allegro piano sonata.mid;MOZART;1783;1.193485143335054;1.3269768795794037;3.193439715971889;3.0215933246404147;4.258790149304186;3.7772744092406887;1.969962613518223;1.6669064651136338;686.2063933333455
266-MOZART, Wolfgang Amadeus - K333 Mov-02 Andante Cantabile piano sonata.mid;MOZART;1783;1.280137088015802;1.228056896493592;3.124631736446852;3.0120726318073223;3.7837946835557434;3.6539946979791917;2.0415009098899812;1.5856291688822142;526.596192781238
267-MOZART, Wolfgang Amadeus - K333 Mov-03 Allegro Grazioso piano sonata.mid;MOZART;1783;1.4719967886621768;1.3035710079610305;3.105323792412666;2.985488046886307;4.2014514816577195;3.8383258447172897;2.272637484213594;1.5478219779892535;409.5076033333563
272-MOZART, Wolfgang Amadeus - K450 Mov-01 Allegro piano concerto.mid;MOZART;1784;1.4926752388769242;1.243666947472723;3.074174936618066;2.8579947504464625;3.9425262941535557;2.8381582656580835;2.495485947599119;1.607354806373086;698.4905596666591
273-MOZART, Wolfgang Amadeus - K450 Mov-02 Andante piano concerto.mid;MOZART;1784;1.1480653595087644;1.2439687253568503;3.1203112573964753;3.046920221126435;4.237798890905022;2.960445271444004;2.1992547219064313;1.4256445243739113;300.32171119791786
274-MOZART, Wolfgang Amadeus - K450 Mov-03 Allegro piano concerto.mid;MOZART;1784;1.2570081908363435;1.0248762926809845;3.1294728802968046;2.8449559508222895;4.185756670977026;2.92271550237895;1.848122044815881;1.546414538429907;543.1786410677066
275-MOZART, Wolfgang Amadeus - K453 Mov-01 Allegro piano concerto.mid;MOZART;1784;1.4788900980470343;1.24384015585981;3.2605784614992785;3.0656572774233464;4.398251727899744;3.545243544650059;2.5113485315651474;1.7005066940367433;667.4788667187671
276-MOZART, Wolfgang Amadeus - K453 Mov-02 Andante piano concerto.mid;MOZART;1784;1.0816488226313894;1.332943754188097;3.352693412631326;3.1708663393019787;3.88155972910681;3.659011950696568;2.186946588885184;1.225834819195039;553.1756024583217
277-MOZART, Wolfgang Amadeus - K453 Mov-03 Allegretto piano concerto.mid;MOZART;1784;1.3569384283910328;1.2323467259477168;3.010009569732669;2.979913698520042;4.136333098555014;3.632151188125097;2.246081532263974;1.5381626054784512;468.69305768747637
278-MOZART, Wolfgang Amadeus - K457 Mov-01 Molto Allegro piano sonata.mid;MOZART;1784;1.3426106242042226;1.23214460947167;3.2189434279659204;3.042616317916672;4.247382139286312;3.7087107674603215;2.4259938666934424;1.6863162884985634;541.6094287187641
279-MOZART, Wolfgang Amadeus - K457 Mov-02 Adagio piano sonata.mid;MOZART;1784;1.5486884488266868;1.1705131730764227;3.21852047212577;3.1396553234553806;4.12995380693746;4.109748784390565;1.0661011323458118;1.0491402281082503;310.9304778229218
280-MOZART, Wolfgang Amadeus - K457 Mov-03 Allegro Assai piano sonata.mid;MOZART;1784;1.3322709437597635;1.1220767857125034;3.219112809140746;3.0918511781776767;4.143352046026563;3.4492416731611515;2.1381722456399976;1.5876422599468376;286.73749999999984
281-MOZART, Wolfgang Amadeus - K466 Mov-01 piano concerto No-20.mid;MOZART;1785;1.328983879901401;1.4025752079062623;3.2776395780307617;3.111239653520533;4.26313810989862;3.3176389025323796;2.5218282513162964;2.101201191512354;880.0100295727771
282-MOZART, Wolfgang Amadeus - K466 Mov-02 piano concerto No-20.mid;MOZART;1785;1.3980187556202812;1.365988813469516;3.1769774524128125;2.9819036507331296;4.063492967225815;3.460760425080891;2.310291233396439;1.3434157031563947;509.4160599999931
283-MOZART, Wolfgang Amadeus - K466 Mov-03 piano concert No-20.mid;MOZART;1785;1.4179781750217813;1.0961090131851745;3.2822833642569686;3.1216597337935457;4.225332224750194;3.130525202759531;2.2773492607118238;1.4116374279181028;519.8352543125096
284-MOZART, Wolfgang Amadeus - K467 Mov-01 piano concerto No-21.mid;MOZART;1785;1.3086220904055383;1.4154423041909219;3.2962978322601884;3.0609267366846837;4.251540745382913;3.4795401598443405;2.456335956981103;2.2535554394849076;851.0840716666971
285-MOZART, Wolfgang Amadeus - K467 Mov-02 piano concerto No-21.mid;MOZART;1785;1.191225662559526;1.052998148253478;3.2520826142960804;3.0797479740791553;3.607841605617551;2.6416143951438373;2.855921519933199;0.8251639906227577;347.4911804479126
286-MOZART, Wolfgang Amadeus - K467 Mov-03 piano concerto No-21.mid;MOZART;1785;1.3695514672351234;1.1985765932903845;3.2062128312429743;3.0525258100886314;4.196009006396328;3.26794680793273;2.3813032010765696;1.5523687367282428;430.15283703124675
287-MOZART, Wolfgang Amadeus - K488 Mov-01 Allegro Con Spirito.mid;MOZART;1786;1.376231083642178;1.1443460479393084;3.169398915900264;3.051345332510703;4.084738407807425;3.0547762122885476;2.430725773092362;1.7349360440233472;677.4327855521047
288-MOZART, Wolfgang Amadeus - K488 Mov-02 Andante Un Poco Adagio.mid;MOZART;1786;1.0589588939402146;1.2790780764707057;3.1489895177442007;3.1474734229095347;4.2222087693647135;3.7109022187344447;2.4630392343700565;1.3525353187281672;357.587499999999
289-MOZART, Wolfgang Amadeus - K488 Mov-03 Rondo Allegretto Grazio.mid;MOZART;1786;1.435569486277433;1.079678366827575;3.1953632029063375;2.99403733856958;4.420218515147555;3.5636150738424934;2.3411904089760727;1.482424792420134;605.1902711875513
292-MOZART, Wolfgang Amadeus - K545 Mov-01 Allegro piano sonata.mid;MOZART;1788;1.2320948146428456;1.0736339086351412;3.110571266580091;2.9669175876155287;3.920864950876385;3.2844730280495686;1.4644389381997354;1.1505772399000211;280.18597684376334
293-MOZART, Wolfgang Amadeus - K545 Mov-02 Andante piano sonata.mid;MOZART;1788;1.4166730434686703;1.2837926022243153;3.1087241861636077;2.9005075249510024;4.034222610746872;3.8079115575484614;0.9262749543856907;0.2387334036375006;319.48958333333314
294-MOZART, Wolfgang Amadeus - K545 Mov-03 Rondo piano sonata.mid;MOZART;1788;1.0368598705083707;1.011037537341981;3.0797942830063882;3.0164864995503664;4.1554781643235446;3.678049240565044;1.7891011907135075;1.7570068901154223;94.30167138541754
295-MOZART, Wolfgang Amadeus - K570 Mov-01 Allegro piano sonata.mid;MOZART;1789;1.3749482840182528;1.1389682533693488;3.2411609920938234;3.031679773709107;4.045397677660358;3.5101085630197697;1.932984779101585;1.6124416968942037;289.38432599999766
296-MOZART, Wolfgang Amadeus - K570 Mov-02 Adagio piano sonata.mid;MOZART;1789;1.2375027212026617;1.3358436178974382;3.25876258696274;3.1437545158346616;4.055619800205375;3.540754867370103;1.7950374347506362;1.1819220991285586;287.2727559999994
297-MOZART, Wolfgang Amadeus - K570 Mov-03 Allegretto piano sonata.mid;MOZART;1789;1.270417372875944;1.2662005900351114;3.143965297741198;2.963711623150437;4.038953651416144;3.7367813565428705;1.5295191696848984;0.9033540062002087;266.1820399999999
298-MOZART, Wolfgang Amadeus - K576 piano sonata No-17 in D.mid;MOZART;1789;1.2216190709261996;1.2104686385265613;3.2675675271295113;3.1545667044580017;3.9312028542346784;3.7518153095259774;2.209328990773035;1.784299740964659;1072.8813769749681
304-RACHMANINOV, Sergei Vasilyevich - Op-16 No-4 in E-min.mid;RACHMANINOV;1896;0.8757759132441252;0.9922594605974518;3.2298683775423904;3.1697554551384464;4.069297172171013;1.4048031150826468;3.0276327405541137;1.483736799344629;151.24295989583345
306-RACHMANINOV, Sergei Vasilyevich - Op-23 No-02 Prelude in B.mid;RACHMANINOV;1903;1.5733617313504782;1.3317347192333453;3.189526222792611;3.066346924423141;4.169513107625875;4.18383205229039;1.786259467605635;1.7596659967710975;166.64307398958636
308-RACHMANINOV, Sergei Vasilyevich - Op-23 No-05 Prelude in G-min.mid;RACHMANINOV;1903;1.4377389864236196;1.3057949467250531;3.080147798470885;2.930363461925408;4.095417551437963;3.8038149122589657;1.45814233574765;1.2017680314981962;265.6058470666672
309-RACHMANINOV, Sergei Vasilyevich - Op-32 No-12 Prelude in G#.mid;RACHMANINOV;1910;1.0873634951230549;0.8345304473857855;2.8370854135195263;2.7241137714533865;4.358535258349847;4.1361248930638785;2.0139153905995433;1.9231523607976078;125.27913787499928
